"X","Age","Sex","Job","Housing","Saving.accounts","Checking.account","Credit.amount","Duration","Purpose","Risk"
86,27,"female",2,"own","little","moderate",1295,18,"furniture/equipment","good"
418,31,"female",3,"own","quite rich",NA,2782,21,"car","good"
502,49,"male",2,"own","moderate","rich",1126,9,"radio/TV","good"
846,68,"male",2,"rent",NA,NA,6761,18,"car","bad"
303,49,"male",2,"own","little","little",1038,10,"car","good"
838,63,"male",2,"own","little","little",2957,24,"car","good"
399,43,"female",1,"own","rich",NA,1516,24,"radio/TV","good"
202,26,"male",2,"own","little",NA,5117,27,"business","good"
485,47,"male",3,"own","little","moderate",1209,6,"car","bad"
355,23,"male",1,"own","little","moderate",1246,24,"car","bad"
875,40,"female",2,"own","rich","moderate",1322,11,"car","good"
203,21,"male",2,"rent","little","little",902,12,"education","bad"
155,20,"female",2,"rent","little","little",1282,12,"furniture/equipment","bad"
67,22,"male",2,"own","rich","moderate",1007,12,"car","good"
412,42,"male",3,"own","little",NA,2292,12,"business","bad"
668,43,"male",2,"rent","little","little",4843,12,"car","bad"
222,30,"male",2,"own","little",NA,707,12,"radio/TV","good"
565,23,"female",2,"rent","moderate","moderate",1553,24,"radio/TV","good"
626,41,"male",2,"own","little","rich",2116,6,"furniture/equipment","good"
625,35,"male",2,"own",NA,NA,1979,15,"radio/TV","good"
585,20,"female",2,"rent","little","little",2039,18,"furniture/equipment","bad"
747,37,"female",1,"own","little","little",1274,12,"car","bad"
514,54,"male",2,"own",NA,NA,2255,24,"car","good"
91,54,"male",2,"own","little","little",1409,12,"car","good"
768,28,"male",2,"rent","little","moderate",3617,12,"furniture/equipment","good"
519,36,"male",2,"free",NA,NA,700,6,"radio/TV","good"
689,31,"male",2,"own","rich","little",3651,12,"car","good"
14,28,"female",2,"rent","little","little",1403,15,"car","good"
829,38,"male",2,"free",NA,"moderate",6681,48,"business","good"
474,33,"male",2,"own","little","moderate",1245,18,"radio/TV","bad"
31,27,"male",2,"own","little","little",4020,24,"furniture/equipment","good"
188,20,"male",2,"own","moderate","little",674,12,"radio/TV","bad"
709,37,"male",1,"own","little","moderate",2118,9,"radio/TV","good"
951,24,"male",2,"own","little","little",2145,36,"business","bad"
975,57,"female",1,"own","quite rich","rich",1258,24,"radio/TV","good"
711,35,"female",2,"free","little","little",1198,6,"education","bad"
473,36,"male",3,"own",NA,NA,1238,6,"education","good"
647,26,"female",2,"own","quite rich",NA,1386,12,"car","bad"
426,29,"male",2,"own","little",NA,2743,28,"radio/TV","good"
653,42,"male",3,"own","moderate","moderate",8086,36,"car","bad"
963,35,"male",2,"own","quite rich",NA,2397,24,"radio/TV","bad"
769,63,"male",1,"own","little",NA,1655,12,"radio/TV","good"
227,53,"male",3,"free","little","little",7865,12,"furniture/equipment","bad"
180,28,"male",2,"own","little",NA,9572,36,"business","bad"
115,47,"male",2,"own",NA,NA,3578,48,"radio/TV","good"
150,42,"male",2,"free","moderate",NA,1346,6,"radio/TV","good"
692,29,"male",2,"own","moderate","moderate",2896,24,"radio/TV","good"
676,33,"male",2,"own","little",NA,5150,24,"furniture/equipment","good"
724,21,"female",2,"rent","little",NA,2570,27,"car","bad"
854,45,"male",2,"own","little",NA,10875,36,"car","good"
468,26,"female",2,"own","little",NA,2764,33,"business","good"
931,22,"female",2,"own","little","moderate",1670,9,"radio/TV","bad"
528,31,"male",2,"rent","little","little",2302,36,"radio/TV","bad"
619,49,"male",1,"own","little",NA,640,12,"car","good"
935,30,"male",3,"own","moderate","moderate",1919,30,"radio/TV","bad"
275,32,"male",2,"own","little",NA,2697,9,"radio/TV","good"
792,27,"male",2,"own",NA,NA,1221,6,"furniture/equipment","good"
443,41,"male",1,"own","little",NA,719,12,"education","bad"
824,35,"male",3,"own","little",NA,3780,18,"furniture/equipment","good"
503,38,"male",2,"own","moderate","moderate",1216,24,"radio/TV","bad"
501,42,"male",2,"free","little","little",5493,36,"car","good"
627,29,"male",2,"own","moderate","moderate",1437,9,"car","bad"
997,38,"male",2,"own","little",NA,804,12,"radio/TV","good"
529,41,"male",1,"own","little","little",662,6,"car","good"
762,24,"male",1,"own","little","little",2214,12,"radio/TV","good"
33,57,"male",1,"rent",NA,NA,1264,12,"business","good"
387,40,"male",3,"own","little","moderate",7374,18,"furniture/equipment","good"
1,22,"female",2,"own","little","moderate",5951,48,"radio/TV","bad"
223,32,"male",2,"own",NA,NA,2978,24,"business","good"
84,52,"male",1,"own","little","little",2315,10,"radio/TV","good"
376,34,"male",2,"own","little",NA,2320,18,"radio/TV","good"
110,31,"male",2,"own","moderate","moderate",1449,6,"business","good"
12,22,"female",2,"own","little","moderate",1567,12,"radio/TV","good"
810,26,"male",2,"own","little","moderate",907,8,"business","good"
286,26,"male",2,"own","little","little",4788,48,"car","good"
133,47,"male",2,"free","little",NA,1984,18,"furniture/equipment","good"
682,33,"male",2,"own","little",NA,1478,15,"radio/TV","good"
998,23,"male",2,"free","little","little",1845,45,"radio/TV","bad"
889,40,"male",2,"rent",NA,NA,7824,28,"car","good"
934,23,"female",2,"own","little","little",1498,12,"radio/TV","good"
778,38,"male",3,"own","rich",NA,5711,36,"car","good"
632,23,"male",2,"own",NA,"moderate",1444,15,"radio/TV","good"
660,23,"male",2,"rent","little","rich",1297,12,"radio/TV","good"
727,25,"female",2,"rent","little","little",1882,18,"radio/TV","bad"
273,28,"male",2,"own","little","moderate",3060,48,"radio/TV","bad"
621,32,"male",2,"own","little",NA,1530,18,"car","bad"
65,48,"male",2,"own",NA,NA,5190,27,"repairs","good"
716,40,"male",2,"own",NA,NA,3077,30,"radio/TV","good"
371,33,"male",2,"own","little",NA,6070,18,"radio/TV","good"
809,26,"female",0,"rent","little","moderate",1778,15,"car","bad"
729,36,"male",2,"own","rich","rich",1275,24,"business","good"
282,49,"male",1,"own",NA,"rich",1445,18,"radio/TV","good"
373,63,"male",3,"free",NA,NA,13756,60,"car","good"
274,34,"male",1,"own","little","little",11998,30,"repairs","bad"
419,33,"female",2,"own",NA,"moderate",1042,18,"car","bad"
828,47,"male",2,"free",NA,"little",8335,36,"car","bad"
609,45,"male",2,"free",NA,NA,1300,15,"car","good"
341,26,"female",1,"rent","little","little",3599,21,"furniture/equipment","good"
32,30,"male",2,"own","moderate","moderate",5866,18,"car","good"
269,25,"male",2,"own",NA,NA,999,24,"radio/TV","good"
539,45,"female",1,"own","little","rich",3049,18,"furniture/equipment","good"
29,63,"male",2,"own","little","little",6836,60,"business","bad"
130,24,"female",2,"own",NA,"moderate",8487,48,"car","good"
835,48,"male",2,"own","little","little",1082,12,"car","bad"
144,23,"female",2,"own","little",NA,2288,21,"furniture/equipment","good"
590,58,"female",1,"own","little","little",385,12,"radio/TV","good"
890,43,"male",3,"own","little","little",2442,27,"business","good"
266,36,"male",2,"own",NA,NA,6304,36,"business","good"
557,29,"female",2,"own",NA,NA,5003,21,"car","bad"
172,34,"female",3,"own","little","moderate",2064,24,"furniture/equipment","bad"
530,32,"male",2,"own","little","moderate",2273,36,"education","good"
921,37,"male",3,"own","quite rich",NA,12749,48,"radio/TV","good"
610,22,"female",2,"own","moderate","little",741,12,"domestic appliances","bad"
789,27,"male",2,"own","little","little",5998,40,"education","bad"
993,30,"male",3,"own","little","little",3959,36,"furniture/equipment","good"
490,26,"male",2,"own","little",NA,1934,12,"radio/TV","good"
233,25,"male",1,"own","little","moderate",866,18,"radio/TV","good"
85,29,"female",3,"own","little",NA,1412,12,"business","good"
533,26,"male",2,"own","moderate",NA,1311,24,"radio/TV","good"
658,28,"female",2,"own","little","moderate",4221,30,"business","good"
441,30,"female",2,"own","little","little",1620,12,"furniture/equipment","good"
705,35,"female",2,"free","quite rich",NA,5324,15,"car","good"
517,23,"female",2,"rent","little",NA,7127,36,"furniture/equipment","bad"
118,23,"female",2,"own","quite rich","little",4281,33,"furniture/equipment","bad"
410,20,"female",2,"own","little","moderate",1967,24,"radio/TV","good"
981,33,"male",3,"rent","little",NA,4844,48,"business","bad"
550,23,"female",2,"own",NA,NA,996,12,"repairs","good"
90,56,"male",2,"own","little",NA,618,12,"radio/TV","good"
408,26,"male",3,"own","quite rich",NA,3235,24,"radio/TV","good"
570,23,"female",1,"rent","little","little",3234,24,"furniture/equipment","bad"
756,74,"male",0,"own","little","rich",1299,6,"car","good"
239,39,"male",2,"own","little","little",2522,30,"radio/TV","good"
782,31,"male",1,"own","little","moderate",1410,12,"education","good"
398,46,"male",2,"rent","little","moderate",1223,12,"car","bad"
804,24,"female",0,"rent",NA,"moderate",7472,12,"car","good"
458,27,"female",2,"own","little","little",343,6,"domestic appliances","good"
543,34,"male",1,"own","little","rich",2864,18,"furniture/equipment","bad"
733,28,"female",2,"rent","rich",NA,2603,24,"car","good"
811,28,"male",1,"own","little","moderate",484,6,"radio/TV","good"
119,36,"male",3,"own","quite rich","moderate",2366,12,"car","good"
47,23,"female",0,"rent","quite rich","little",1352,6,"car","good"
198,36,"male",2,"free",NA,"moderate",2760,24,"car","good"
893,34,"male",2,"own","little","moderate",5800,36,"car","good"
375,37,"female",2,"rent","little","little",7685,48,"business","bad"
395,32,"male",2,"rent","moderate","moderate",11760,39,"education","good"
695,50,"male",2,"rent","quite rich",NA,1236,6,"car","good"
672,42,"male",3,"own","little",NA,10366,60,"car","good"
961,47,"male",2,"own","little","moderate",2353,21,"car","good"
604,23,"female",2,"own","little","rich",1275,10,"furniture/equipment","good"
186,74,"female",3,"free","little","moderate",5129,9,"car","bad"
263,57,"female",1,"free","little",NA,2748,12,"education","good"
696,29,"male",2,"own","little","moderate",1103,12,"radio/TV","good"
954,29,"female",2,"own","little","little",1893,12,"car","good"
278,32,"female",2,"own","little",NA,4611,6,"furniture/equipment","bad"
541,60,"male",2,"free","little",NA,2032,24,"car","good"
231,51,"male",1,"free","quite rich",NA,2507,9,"car","good"
93,20,"male",2,"rent",NA,"rich",3617,24,"furniture/equipment","good"
492,27,"female",2,"own","moderate",NA,1237,6,"radio/TV","good"
843,50,"male",2,"own","little",NA,1559,24,"business","good"
651,37,"male",1,"own","little","moderate",1922,12,"furniture/equipment","bad"
253,35,"male",2,"own","moderate",NA,4151,24,"furniture/equipment","good"
745,28,"male",1,"own","little","little",1797,13,"business","good"
160,36,"male",2,"own","moderate",NA,2872,24,"radio/TV","good"
902,42,"male",2,"free",NA,NA,10477,36,"car","good"
168,25,"female",2,"rent","little",NA,3972,24,"furniture/equipment","good"
649,40,"male",1,"rent","little","little",684,12,"education","bad"
564,37,"male",3,"own",NA,"moderate",4712,24,"business","good"
356,49,"male",2,"own",NA,NA,2331,12,"radio/TV","good"
68,37,"male",2,"free","little",NA,1819,36,"education","bad"
221,23,"female",2,"rent",NA,"little",1200,12,"education","good"
125,30,"male",2,"own","little","little",2121,12,"car","good"
416,33,"male",1,"own","little","little",2579,12,"car","bad"
182,40,"male",1,"own",NA,"little",1647,21,"car","bad"
989,48,"male",1,"own","little","moderate",1743,24,"radio/TV","good"
81,47,"male",2,"own","quite rich",NA,1213,15,"radio/TV","good"
228,22,"male",2,"own","little",NA,1478,9,"radio/TV","bad"
5,35,"male",1,"free",NA,NA,9055,36,"education","good"
363,21,"male",2,"rent","little",NA,1766,6,"furniture/equipment","good"
527,42,"male",1,"own","little",NA,1503,4,"radio/TV","good"
693,44,"male",1,"own",NA,"little",4716,6,"car","good"
455,29,"female",3,"own","little",NA,2679,24,"car","good"
34,33,"female",3,"own","little","rich",1474,12,"furniture/equipment","good"
591,42,"female",2,"rent",NA,"moderate",1965,24,"car","good"
630,28,"female",2,"own","little","little",3660,24,"radio/TV","good"
94,54,"male",2,"own","rich","moderate",1318,12,"car","good"
636,28,"female",2,"own","quite rich",NA,1376,24,"radio/TV","good"
992,23,"male",1,"rent",NA,"little",1936,18,"radio/TV","good"
777,25,"female",2,"own","little","little",3509,18,"radio/TV","good"
323,28,"male",2,"own","rich","little",2659,18,"furniture/equipment","good"
146,39,"female",2,"own","little","little",860,6,"car","good"
877,28,"male",2,"own","little",NA,3595,36,"radio/TV","good"
238,35,"female",2,"own","little",NA,1291,12,"radio/TV","good"
495,20,"male",2,"own",NA,"little",2996,24,"furniture/equipment","bad"
868,37,"male",2,"own",NA,NA,7409,36,"business","good"
488,35,"male",1,"rent","moderate",NA,1418,10,"car","good"
758,31,"male",2,"own","little",NA,1393,24,"car","good"
525,30,"male",2,"own","little","moderate",7966,26,"car","good"
260,27,"male",2,"own","little","little",1657,12,"furniture/equipment","good"
498,32,"male",1,"own","little","moderate",1301,18,"radio/TV","good"
17,25,"male",2,"own",NA,"little",8072,30,"business","good"
576,27,"female",2,"own","little","moderate",2930,12,"radio/TV","good"
463,38,"male",2,"own",NA,"moderate",754,12,"education","good"
715,63,"male",2,"own",NA,NA,7596,30,"car","good"
104,26,"male",2,"rent",NA,NA,2445,12,"car","good"
333,24,"female",1,"rent","moderate",NA,11590,48,"car","bad"
684,31,"male",1,"own","moderate","moderate",9857,36,"business","good"
338,28,"male",2,"own","little","little",4169,24,"furniture/equipment","good"
506,36,"male",2,"own","quite rich","rich",2360,15,"car","good"
595,32,"female",1,"own","moderate","moderate",931,6,"car","bad"
178,31,"male",3,"rent","little",NA,1963,12,"radio/TV","good"
101,24,"male",2,"rent","little","moderate",2323,36,"radio/TV","good"
896,28,"female",3,"rent","little","little",2606,21,"radio/TV","good"
175,53,"female",3,"own",NA,NA,7485,30,"car","bad"
242,24,"male",2,"free","little","little",4605,48,"car","bad"
721,24,"female",2,"rent","rich","moderate",433,6,"education","bad"
423,34,"male",3,"own","moderate",NA,1591,21,"furniture/equipment","good"
461,36,"male",2,"own","little","little",1721,15,"car","good"
472,28,"male",1,"own","little","little",654,9,"car","bad"
30,36,"male",2,"own","rich","moderate",1913,18,"business","good"
899,42,"male",2,"own","little","little",4153,18,"furniture/equipment","bad"
259,57,"female",1,"own","moderate",NA,1154,11,"radio/TV","good"
281,50,"male",2,"own","little",NA,1574,12,"furniture/equipment","good"
814,46,"male",2,"free","little","little",3931,48,"car","bad"
904,36,"male",3,"own","little",NA,1278,24,"radio/TV","good"
793,51,"male",2,"free","little","rich",2892,24,"furniture/equipment","good"
467,32,"male",2,"own",NA,NA,7238,48,"radio/TV","good"
826,33,"female",2,"rent","little","little",3966,18,"car","bad"
293,56,"male",2,"free","little","rich",4796,42,"car","good"
484,44,"male",2,"own","quite rich",NA,1163,12,"car","good"
945,30,"female",2,"own","quite rich","moderate",8358,48,"car","good"
78,39,"male",1,"own",NA,NA,9436,54,"car","good"
128,34,"male",3,"own","little","moderate",1860,12,"car","good"
941,31,"male",1,"own","little",NA,1546,10,"car","good"
469,35,"male",1,"own","little",NA,4679,24,"car","good"
790,39,"female",2,"own","little","moderate",1188,21,"business","bad"
683,47,"male",2,"free","little",NA,5103,24,"radio/TV","good"
515,37,"female",2,"own","little","little",609,6,"car","good"
499,28,"male",2,"own","moderate","rich",1323,6,"car","good"
544,61,"male",1,"own","little",NA,1255,12,"car","good"
164,36,"male",2,"own","quite rich",NA,909,36,"car","good"
25,36,"male",1,"own","little","little",1374,6,"furniture/equipment","good"
437,37,"female",2,"own","rich",NA,1287,24,"car","good"
208,21,"male",1,"own","little","little",6568,24,"business","good"
120,25,"female",2,"own","little","little",1835,21,"radio/TV","bad"
966,23,"male",1,"own","quite rich","moderate",2520,27,"radio/TV","bad"
816,62,"male",2,"own","quite rich",NA,1338,6,"domestic appliances","good"
785,35,"male",1,"own","rich","moderate",1941,18,"business","good"
606,74,"male",3,"own","little",NA,4526,24,"business","good"
976,64,"female",2,"own","little","moderate",753,6,"radio/TV","good"
562,29,"female",2,"own","little","rich",683,6,"radio/TV","good"
710,32,"male",3,"own","quite rich",NA,629,18,"radio/TV","good"
464,34,"male",2,"own","little",NA,1950,18,"business","good"
939,46,"male",3,"own",NA,NA,6842,24,"car","good"
489,26,"male",2,"rent","little",NA,3518,6,"car","good"
397,46,"male",2,"own","little","little",2348,36,"furniture/equipment","good"
425,21,"male",2,"rent","little","moderate",2779,18,"car","good"
807,65,"male",2,"own",NA,NA,930,12,"radio/TV","good"
588,47,"male",1,"own","little","little",1217,18,"domestic appliances","bad"
645,27,"male",2,"rent",NA,NA,7980,36,"business","bad"
220,26,"male",1,"own","little","moderate",625,12,"radio/TV","good"
909,33,"female",1,"own",NA,"moderate",3195,9,"car","good"
88,30,"male",3,"own","moderate","little",2249,18,"car","good"
571,38,"male",2,"own","little",NA,5954,30,"radio/TV","good"
906,24,"male",1,"own",NA,"little",3763,21,"car","good"
572,26,"female",3,"rent",NA,NA,5433,24,"car","good"
583,33,"male",1,"rent","little","moderate",2384,36,"repairs","bad"
26,39,"male",1,"own","little",NA,426,6,"radio/TV","good"
422,47,"male",1,"own","little","moderate",958,12,"car","good"
486,52,"male",2,"own","little",NA,3077,12,"radio/TV","good"
511,32,"male",3,"free","little",NA,4686,36,"car","good"
381,38,"female",3,"free","little","moderate",12976,18,"car","bad"
734,37,"female",2,"own","little",NA,3380,4,"car","good"
56,52,"male",3,"own",NA,"moderate",6468,12,"radio/TV","bad"
886,34,"male",2,"own",NA,"moderate",2825,24,"business","good"
58,23,"female",3,"own","little","rich",1961,18,"car","good"
540,23,"male",2,"rent","little","moderate",1534,12,"radio/TV","bad"
994,50,"male",2,"own",NA,NA,2390,12,"car","good"
787,38,"male",2,"own",NA,NA,2751,48,"car","good"
98,36,"male",2,"own","little","moderate",2337,36,"radio/TV","good"
480,23,"female",1,"own","little","moderate",3573,12,"radio/TV","good"
388,27,"male",2,"own","quite rich","moderate",2326,15,"business","good"
772,36,"male",3,"own","little",NA,3275,21,"car","good"
342,25,"male",2,"rent","quite rich","moderate",3213,18,"radio/TV","good"
121,41,"female",3,"rent","little",NA,3868,24,"car","good"
442,29,"male",2,"own","little","moderate",2629,20,"vacation/others","good"
257,29,"male",2,"free","little","little",2149,12,"radio/TV","bad"
374,60,"female",3,"free","moderate","moderate",14782,60,"vacation/others","bad"
839,46,"male",2,"own","little",NA,2611,24,"radio/TV","good"
929,43,"male",1,"own","little","little",1344,12,"car","good"
736,23,"female",3,"rent","little","moderate",11560,24,"car","bad"
581,49,"male",1,"own","little","moderate",3124,12,"car","good"
445,41,"female",1,"rent",NA,NA,1244,9,"education","good"
551,45,"male",1,"own","quite rich",NA,1750,6,"radio/TV","good"
440,39,"male",3,"own","little",NA,1884,12,"car","good"
241,51,"male",2,"own","little",NA,1595,6,"radio/TV","good"
650,50,"male",3,"free","little","little",7476,48,"education","good"
642,40,"male",3,"own","moderate",NA,4623,15,"education","bad"
719,31,"male",2,"own","moderate","moderate",6148,20,"car","good"
638,34,"female",2,"own","little",NA,1493,12,"radio/TV","good"
916,32,"male",2,"own","moderate",NA,2848,10,"car","good"
170,33,"male",2,"rent","little","little",950,15,"car","bad"
199,40,"male",3,"own","little","moderate",4297,18,"furniture/equipment","bad"
691,25,"female",1,"own","moderate","moderate",2631,15,"repairs","good"
640,27,"female",0,"own","little","little",750,18,"education","bad"
765,40,"male",1,"own","little","moderate",1155,12,"radio/TV","good"
380,39,"male",2,"own",NA,"little",2212,20,"furniture/equipment","good"
283,63,"male",2,"own",NA,NA,1520,15,"furniture/equipment","good"
637,21,"male",2,"own","little",NA,15653,60,"radio/TV","good"
667,27,"female",2,"own","little",NA,3609,48,"business","good"
741,23,"male",1,"own","little","moderate",1048,10,"radio/TV","good"
687,30,"male",2,"free","moderate","moderate",2862,36,"car","good"
450,30,"male",3,"own",NA,NA,11054,36,"car","good"
714,27,"male",3,"own","little","moderate",14027,60,"car","bad"
628,36,"male",2,"own","quite rich",NA,4042,42,"furniture/equipment","good"
646,32,"male",2,"own","little","little",4583,30,"furniture/equipment","good"
152,24,"male",2,"own","little","rich",5848,36,"radio/TV","good"
841,28,"male",1,"own","little",NA,2993,21,"car","good"
956,49,"male",1,"own",NA,"rich",3656,30,"radio/TV","good"
662,50,"male",2,"own","little",NA,2241,21,"furniture/equipment","good"
48,39,"male",1,"own","little",NA,7228,11,"car","good"
109,35,"male",2,"own","quite rich","moderate",1410,14,"business","good"
230,26,"male",2,"own","little","rich",4210,36,"radio/TV","bad"
749,33,"male",2,"own","little",NA,3029,15,"car","good"
200,52,"male",2,"own","quite rich",NA,936,9,"education","good"
148,28,"male",2,"own","little","little",5371,36,"furniture/equipment","good"
296,20,"female",2,"rent",NA,NA,4675,12,"car","good"
771,25,"female",3,"own","little","little",8065,36,"education","bad"
755,32,"female",2,"rent",NA,"little",1285,24,"car","bad"
911,25,"female",1,"own","little","moderate",4736,24,"furniture/equipment","bad"
655,22,"male",2,"free","little","little",3973,14,"car","good"
54,57,"male",2,"free","little","moderate",2225,36,"car","bad"
18,44,"female",3,"free","little","moderate",12579,24,"car","bad"
796,51,"male",2,"free",NA,"little",7511,18,"car","bad"
173,33,"male",2,"own","little","moderate",1414,8,"radio/TV","good"
366,27,"male",2,"own","little",NA,3850,18,"car","good"
324,36,"female",2,"own","little",NA,1028,18,"car","good"
671,31,"male",2,"own","moderate",NA,5742,36,"business","good"
794,32,"male",2,"rent","quite rich",NA,3062,24,"furniture/equipment","good"
496,29,"male",3,"rent","moderate","moderate",9034,36,"furniture/equipment","bad"
349,32,"male",2,"free","rich","moderate",1136,9,"education","bad"
888,34,"male",3,"own","little",NA,6614,36,"car","good"
965,26,"female",2,"own",NA,"moderate",1715,30,"radio/TV","good"
819,26,"male",2,"own","little","little",1345,18,"radio/TV","bad"
509,45,"male",3,"own","moderate",NA,8588,39,"car","good"
127,30,"male",2,"own","little","moderate",639,12,"repairs","bad"
351,29,"female",2,"own","little","moderate",959,9,"furniture/equipment","bad"
639,26,"male",2,"own","little","little",4370,42,"radio/TV","bad"
194,21,"male",2,"rent","moderate","moderate",3031,45,"radio/TV","bad"
866,27,"female",2,"own","little","little",2389,18,"radio/TV","good"
587,21,"male",1,"own","little","little",1289,12,"furniture/equipment","good"
348,34,"male",1,"own","moderate",NA,1743,6,"business","good"
799,35,"male",0,"own",NA,"moderate",1549,9,"car","good"
431,29,"male",3,"own","little","moderate",11328,24,"vacation/others","bad"
409,28,"male",2,"own","quite rich","rich",939,12,"car","bad"
980,49,"male",2,"own","little","moderate",8386,30,"furniture/equipment","bad"
318,32,"male",2,"own","little",NA,701,12,"education","good"
201,27,"male",1,"own","little","little",1168,12,"car","good"
652,45,"male",2,"own","little","little",2303,24,"car","bad"
224,30,"male",2,"own","little",NA,4657,15,"car","good"
918,33,"male",2,"own","moderate","little",2359,24,"furniture/equipment","bad"
36,31,"male",2,"free","little",NA,6110,48,"education","good"
302,37,"male",1,"own",NA,"rich",1344,24,"car","bad"
106,39,"male",3,"own","little",NA,6458,18,"car","bad"
436,23,"male",1,"rent","quite rich",NA,660,6,"repairs","good"
169,31,"male",2,"own","little","moderate",1935,24,"business","bad"
215,39,"female",1,"own",NA,"moderate",932,6,"education","good"
345,43,"female",1,"own","little",NA,1459,15,"radio/TV","good"
952,28,"female",2,"rent","quite rich","moderate",4113,24,"car","bad"
831,23,"female",2,"rent","little","little",1216,18,"car","bad"
255,27,"male",1,"own",NA,"moderate",7418,60,"radio/TV","good"
459,32,"male",2,"own","little",NA,4594,18,"radio/TV","good"
953,26,"female",3,"own","little",NA,10974,36,"furniture/equipment","bad"
623,22,"female",2,"rent","little","little",1858,12,"furniture/equipment","good"
475,26,"female",2,"rent","little","little",3114,18,"furniture/equipment","bad"
206,43,"male",2,"own","little",NA,1935,12,"furniture/equipment","good"
137,66,"male",1,"own","quite rich","moderate",766,12,"radio/TV","bad"
131,29,"male",2,"own","little","little",6887,36,"education","bad"
664,50,"female",1,"own","little","rich",1047,6,"education","good"
833,42,"female",2,"own",NA,"moderate",5084,24,"radio/TV","good"
140,27,"male",0,"own","rich","rich",709,6,"car","good"
842,23,"female",2,"own","little",NA,1943,18,"repairs","bad"
987,64,"female",2,"own","moderate",NA,1409,13,"radio/TV","good"
391,19,"female",1,"rent","rich","moderate",983,12,"furniture/equipment","good"
912,25,"female",2,"own",NA,"moderate",2991,30,"radio/TV","good"
304,44,"male",2,"free","quite rich",NA,10127,48,"car","bad"
405,22,"male",2,"own","little","moderate",2039,24,"radio/TV","bad"
561,24,"male",1,"rent","little","little",1546,24,"radio/TV","bad"
678,64,"male",1,"rent","little","little",2384,24,"radio/TV","good"
526,31,"female",2,"own","moderate",NA,1532,15,"education","good"
508,28,"male",2,"own","little",NA,1413,24,"radio/TV","good"
775,25,"female",2,"rent",NA,"little",1371,24,"car","bad"
996,40,"male",3,"own","little","little",3857,30,"car","good"
478,39,"male",1,"own","moderate","moderate",1037,12,"business","good"
343,33,"male",3,"own","little","moderate",4439,18,"business","good"
392,39,"male",3,"free","little","little",3249,36,"car","good"
754,55,"male",2,"free","rich",NA,1555,12,"repairs","bad"
6,53,"male",2,"own","quite rich",NA,2835,24,"furniture/equipment","good"
788,50,"male",2,"free","little","moderate",6224,48,"education","bad"
856,40,"female",2,"own",NA,NA,894,10,"education","good"
454,31,"male",2,"own","little","little",4817,24,"car","bad"
579,27,"male",1,"own","little",NA,937,24,"education","good"
760,59,"female",2,"own",NA,NA,5045,15,"car","good"
554,67,"female",3,"own","little","moderate",1199,9,"education","good"
857,28,"male",2,"free","little",NA,3343,15,"furniture/equipment","good"
214,51,"male",2,"own",NA,NA,3342,36,"radio/TV","good"
752,23,"female",1,"rent","moderate","moderate",841,12,"business","good"
285,35,"female",1,"own","little","little",10722,47,"car","good"
753,25,"female",2,"own","little",NA,5771,30,"radio/TV","good"
16,53,"male",2,"own",NA,NA,2424,24,"radio/TV","good"
236,23,"male",0,"own",NA,"moderate",14555,6,"car","bad"
74,40,"male",3,"own",NA,"little",1977,36,"education","bad"
798,54,"male",2,"own",NA,NA,717,24,"car","good"
524,26,"female",1,"own","little","moderate",1113,18,"radio/TV","good"
779,67,"female",2,"own","little","moderate",3872,18,"repairs","good"
629,64,"male",1,"own",NA,NA,3832,9,"education","good"
801,48,"female",1,"rent","little","moderate",1795,18,"radio/TV","good"
872,26,"male",2,"own","moderate","little",1382,24,"business","good"
248,26,"male",2,"own","little","rich",1925,24,"furniture/equipment","good"
449,61,"male",2,"own","rich","moderate",1512,15,"repairs","bad"
542,31,"male",2,"own",NA,"little",6350,30,"furniture/equipment","bad"
615,48,"male",3,"own",NA,"moderate",12204,48,"business","good"
516,40,"male",1,"own","little","little",1361,6,"car","good"
165,32,"male",2,"own","quite rich",NA,2978,6,"furniture/equipment","good"
973,36,"male",2,"rent","little","little",7297,60,"business","bad"
138,35,"male",2,"own",NA,"moderate",2728,15,"radio/TV","good"
991,34,"male",1,"own","moderate",NA,1569,15,"radio/TV","good"
448,55,"female",3,"own",NA,"rich",1424,12,"furniture/equipment","good"
383,26,"male",2,"own","little","rich",1330,12,"car","good"
439,26,"female",0,"own","little","rich",609,12,"business","bad"
624,65,"male",2,"free","little","little",2600,18,"radio/TV","bad"
967,54,"female",3,"rent","little",NA,3568,15,"radio/TV","good"
657,37,"male",2,"own",NA,NA,10222,48,"radio/TV","good"
177,52,"male",2,"own","quite rich","little",338,6,"radio/TV","good"
403,27,"male",1,"own","little",NA,802,14,"car","good"
218,24,"male",1,"rent","little","little",3021,24,"furniture/equipment","good"
932,30,"male",2,"own","little",NA,1224,9,"car","good"
96,61,"female",2,"own",NA,NA,2012,12,"education","good"
901,44,"male",2,"own",NA,NA,3485,20,"car","good"
665,27,"male",3,"own","little",NA,6314,24,"vacation/others","good"
300,54,"female",0,"own","little",NA,672,6,"car","good"
573,22,"female",1,"own","little","little",806,15,"business","good"
417,23,"female",2,"rent",NA,"little",8471,18,"education","good"
42,44,"male",1,"own","little","moderate",6204,18,"repairs","good"
196,28,"female",2,"own","little",NA,1382,6,"radio/TV","good"
102,24,"female",2,"own","little",NA,932,6,"radio/TV","good"
644,32,"male",3,"own","little","little",1880,18,"radio/TV","good"
135,38,"female",2,"own",NA,NA,1240,12,"radio/TV","good"
53,31,"male",2,"own",NA,NA,3378,18,"car","good"
229,22,"male",2,"free","little","little",3149,24,"furniture/equipment","good"
774,66,"male",0,"free","quite rich","rich",1480,12,"car","good"
299,32,"male",2,"own","rich","moderate",2745,21,"furniture/equipment","good"
597,36,"male",1,"own","little","moderate",4241,24,"business","bad"
894,29,"male",2,"own",NA,NA,1169,18,"radio/TV","good"
19,31,"male",2,"own","quite rich",NA,3430,24,"radio/TV","good"
205,38,"male",3,"free","little","little",10623,30,"car","good"
567,34,"male",2,"own","rich",NA,2578,24,"radio/TV","good"
73,41,"female",1,"own","little","moderate",5954,42,"business","good"
362,36,"female",2,"own","little","rich",2247,12,"car","good"
250,39,"female",1,"own","rich","little",666,6,"car","good"
556,28,"female",2,"own","moderate","moderate",2278,18,"car","bad"
780,25,"male",2,"own","little","moderate",4933,39,"radio/TV","bad"
690,25,"male",2,"own","little","little",975,15,"furniture/equipment","good"
990,37,"male",1,"own",NA,NA,3565,12,"education","good"
330,75,"male",3,"free","little","little",6615,24,"car","good"
70,30,"female",2,"own","little",NA,8133,36,"car","good"
309,22,"male",1,"rent","little","moderate",276,9,"car","good"
477,25,"male",2,"own","little","rich",5152,24,"radio/TV","good"
28,34,"male",2,"own","little","moderate",2415,7,"radio/TV","good"
837,23,"female",1,"rent","little",NA,601,4,"furniture/equipment","good"
40,30,"male",3,"own","quite rich",NA,2333,30,"radio/TV","good"
126,40,"male",1,"own","little","little",701,12,"radio/TV","good"
701,46,"male",2,"free","little","little",6331,48,"car","bad"
3,45,"male",2,"free","little","little",7882,42,"furniture/equipment","good"
884,43,"male",2,"own","little","moderate",4057,24,"furniture/equipment","bad"
535,33,"male",2,"rent","little","rich",2319,21,"education","bad"
327,34,"female",2,"own","rich",NA,1525,24,"car","good"
424,25,"female",2,"own",NA,"moderate",2762,12,"furniture/equipment","bad"
407,27,"male",2,"own","little","little",1053,15,"radio/TV","good"
298,43,"male",2,"own","little",NA,2515,18,"furniture/equipment","good"
960,30,"male",2,"rent","little",NA,1740,6,"radio/TV","good"
171,26,"female",2,"own","little",NA,763,12,"furniture/equipment","good"
237,61,"male",1,"rent","moderate","moderate",2767,21,"business","bad"
276,26,"female",2,"own","little",NA,2404,18,"radio/TV","good"
142,27,"male",3,"own","little","little",3416,27,"radio/TV","good"
190,54,"male",3,"own","rich",NA,4591,24,"business","bad"
494,39,"male",1,"rent","little","little",2122,12,"car","good"
354,46,"male",2,"free","quite rich",NA,727,10,"education","good"
822,41,"male",2,"own","little","little",2712,36,"furniture/equipment","bad"
800,54,"male",2,"free","little",NA,1597,24,"education","good"
914,31,"male",2,"rent","little","little",3161,24,"business","bad"
851,43,"male",2,"own",NA,NA,4042,24,"car","good"
476,24,"male",2,"own","quite rich",NA,2569,39,"car","good"
393,31,"female",2,"own","little","little",1957,6,"radio/TV","good"
761,24,"female",2,"rent","little","little",2124,18,"furniture/equipment","bad"
491,42,"female",3,"free","little","moderate",8318,27,"business","bad"
386,21,"female",2,"rent",NA,NA,1126,18,"radio/TV","good"
21,44,"male",2,"rent","quite rich","little",2647,6,"radio/TV","good"
500,27,"female",2,"own","little","little",3123,24,"car","bad"
766,31,"male",1,"own","little","little",3108,30,"furniture/equipment","bad"
673,24,"male",2,"own","quite rich",NA,2080,6,"car","good"
254,24,"male",2,"own",NA,"moderate",2030,9,"furniture/equipment","good"
328,31,"male",2,"own","little","rich",4473,36,"radio/TV","good"
314,29,"male",1,"own",NA,"rich",1494,4,"car","good"
358,28,"male",2,"own","little",NA,776,12,"radio/TV","good"
806,26,"male",1,"own","little","moderate",590,6,"radio/TV","good"
465,63,"male",2,"own","little","little",2924,24,"car","good"
183,50,"male",2,"own","rich",NA,3777,24,"furniture/equipment","good"
359,23,"female",2,"rent","little","little",2406,30,"furniture/equipment","bad"
612,29,"female",2,"own","rich","little",3357,21,"radio/TV","good"
57,31,"female",2,"own","little",NA,9566,36,"radio/TV","good"
677,24,"male",2,"own","moderate","moderate",5595,72,"radio/TV","bad"
920,28,"female",2,"own","little",NA,1817,18,"furniture/equipment","good"
820,27,"male",2,"own","little",NA,1101,12,"car","good"
234,42,"male",1,"own","little",NA,1544,4,"radio/TV","good"
435,25,"male",2,"own",NA,"moderate",1484,12,"radio/TV","bad"
217,23,"male",2,"own","little","rich",3913,36,"radio/TV","good"
880,38,"male",3,"own","little",NA,7814,24,"car","good"
353,28,"male",2,"rent","little","little",6199,12,"radio/TV","bad"
267,38,"female",2,"own","little",NA,1533,24,"radio/TV","good"
593,20,"female",1,"rent","little","moderate",2718,24,"car","bad"
122,24,"male",1,"rent","little",NA,1768,12,"furniture/equipment","good"
870,40,"female",2,"own","quite rich",NA,7678,36,"furniture/equipment","good"
79,22,"male",2,"own","little","moderate",3832,30,"furniture/equipment","good"
50,29,"male",1,"own",NA,"moderate",2333,24,"furniture/equipment","good"
669,47,"male",2,"own","little","rich",3017,30,"radio/TV","good"
821,24,"male",2,"own","little","rich",3016,12,"radio/TV","good"
607,50,"female",2,"free","moderate","moderate",2671,36,"radio/TV","bad"
618,21,"female",2,"rent","moderate","moderate",3441,30,"furniture/equipment","bad"
850,33,"male",2,"rent","little","little",2235,20,"car","bad"
743,22,"male",2,"own","quite rich","little",2483,24,"furniture/equipment","good"
301,42,"female",2,"own","little","moderate",3804,36,"radio/TV","bad"
873,24,"female",2,"own",NA,NA,874,15,"domestic appliances","good"
479,44,"male",2,"own","little","little",1478,15,"furniture/equipment","good"
834,25,"female",1,"own","little","rich",2327,15,"radio/TV","bad"
700,29,"female",1,"rent","quite rich",NA,1123,12,"furniture/equipment","bad"
823,47,"male",1,"own","little","little",731,8,"car","good"
235,30,"male",3,"own","little","little",1823,24,"radio/TV","bad"
244,35,"female",1,"own","quite rich",NA,3447,12,"education","good"
938,42,"male",2,"free","little","moderate",6288,60,"education","bad"
922,22,"female",2,"rent","little","little",1366,9,"radio/TV","bad"
497,40,"male",2,"own","little",NA,1585,24,"furniture/equipment","good"
367,22,"female",2,"rent","little","little",3650,18,"furniture/equipment","good"
107,32,"male",2,"own","little","moderate",6078,12,"car","good"
76,34,"male",2,"own","little","little",3965,42,"radio/TV","bad"
999,27,"male",2,"own","moderate","moderate",4576,45,"car","good"
750,49,"female",2,"own","little","little",428,6,"furniture/equipment","good"
594,40,"male",3,"own",NA,"little",1358,24,"vacation/others","bad"
197,27,"female",2,"rent","moderate","moderate",951,12,"furniture/equipment","bad"
406,43,"male",2,"own",NA,NA,2197,24,"car","good"
620,27,"male",2,"own","little","moderate",3652,21,"business","good"
885,53,"female",2,"own","little","little",795,12,"education","bad"
827,36,"male",2,"own","little",NA,4165,18,"business","bad"
510,26,"male",2,"own","little","little",759,12,"car","bad"
718,31,"male",2,"own",NA,"rich",3148,24,"radio/TV","good"
159,34,"male",1,"own",NA,NA,1898,6,"radio/TV","good"
326,49,"male",2,"rent",NA,NA,5801,12,"furniture/equipment","good"
446,34,"female",2,"own","little","little",1842,36,"car","bad"
553,27,"male",2,"own","moderate","moderate",1995,12,"car","good"
770,26,"female",2,"rent",NA,"little",2812,24,"car","good"
211,45,"female",1,"own",NA,NA,3835,36,"radio/TV","good"
219,64,"female",2,"own","little",NA,1364,10,"car","good"
261,55,"female",2,"own","little","little",1603,24,"radio/TV","good"
361,37,"male",3,"own",NA,"rich",3399,12,"radio/TV","good"
836,21,"female",2,"own",NA,NA,886,12,"radio/TV","good"
725,41,"female",1,"own","rich",NA,250,6,"car","good"
62,61,"male",3,"free","little","moderate",1953,36,"business","bad"
452,34,"male",2,"own","little",NA,2759,12,"furniture/equipment","good"
157,45,"male",1,"own","little","little",339,12,"education","good"
105,39,"male",3,"own","little","moderate",11938,24,"vacation/others","bad"
942,31,"male",2,"own",NA,NA,929,24,"furniture/equipment","good"
631,44,"male",2,"own","little","little",1553,18,"furniture/equipment","bad"
246,52,"male",2,"own","little",NA,717,12,"radio/TV","good"
247,35,"male",2,"rent","moderate",NA,1204,6,"car","good"
166,33,"female",2,"own","little","little",1131,18,"furniture/equipment","bad"
162,36,"male",2,"own","quite rich",NA,1262,15,"domestic appliances","good"
429,55,"female",0,"free","little","little",1190,18,"repairs","bad"
158,38,"male",2,"own","moderate","moderate",3512,24,"car","good"
600,45,"female",2,"own","little","moderate",2329,7,"radio/TV","good"
546,37,"female",2,"own","little",NA,2022,24,"car","good"
161,30,"female",2,"own","little",NA,1055,18,"car","good"
783,23,"female",1,"own","moderate","moderate",836,12,"car","bad"
322,34,"male",3,"free","little","little",2910,24,"car","good"
466,29,"female",1,"rent","little","little",1659,24,"radio/TV","bad"
977,42,"male",2,"own",NA,"moderate",2427,18,"business","good"
321,32,"male",2,"own","little","little",1938,24,"radio/TV","bad"
791,41,"male",3,"own",NA,NA,6313,24,"car","good"
226,27,"male",2,"own","rich","moderate",10961,48,"radio/TV","bad"
903,40,"male",2,"rent",NA,NA,1386,15,"radio/TV","good"
64,26,"female",2,"own","little",NA,3181,24,"radio/TV","good"
132,27,"male",1,"own","little",NA,2708,15,"furniture/equipment","good"
191,34,"male",1,"free","moderate","moderate",3844,48,"business","bad"
925,46,"male",2,"own","little","little",697,12,"car","bad"
379,52,"female",1,"own","moderate",NA,362,6,"car","good"
697,38,"female",0,"own","little",NA,926,12,"car","good"
384,26,"male",1,"own","moderate",NA,4272,30,"business","good"
694,28,"male",2,"own","little",NA,2284,24,"radio/TV","good"
582,26,"female",2,"rent","little",NA,1388,9,"furniture/equipment","good"
622,38,"male",2,"own",NA,NA,3914,48,"business","bad"
759,35,"male",2,"own","little","little",691,12,"car","bad"
879,36,"male",2,"own",NA,NA,6742,30,"radio/TV","good"
77,51,"male",2,"own","little","moderate",4771,11,"radio/TV","good"
648,38,"male",2,"free","little","rich",947,24,"car","bad"
949,31,"male",2,"own","moderate",NA,3621,24,"radio/TV","bad"
365,36,"male",2,"own","little",NA,1542,12,"business","good"
555,22,"male",2,"own","little","moderate",1331,12,"radio/TV","bad"
972,29,"female",0,"rent","little","little",1193,24,"car","bad"
936,28,"female",1,"own","little","rich",745,9,"radio/TV","bad"
95,58,"male",2,"rent","little","moderate",15945,54,"business","bad"
310,40,"male",0,"free",NA,"moderate",5381,48,"vacation/others","good"
958,45,"male",1,"own","little","little",4006,28,"car","bad"
643,33,"male",2,"own","little",NA,1851,24,"radio/TV","good"
334,23,"male",2,"rent","little","little",4110,24,"furniture/equipment","bad"
763,30,"male",3,"free",NA,NA,12680,21,"car","bad"
181,30,"male",3,"own","little","moderate",4455,36,"business","bad"
596,23,"female",2,"rent","little","little",1442,24,"car","bad"
308,24,"female",2,"own","little","moderate",1237,8,"furniture/equipment","bad"
545,43,"male",2,"free","little","little",1333,24,"car","bad"
444,30,"female",3,"own","little","moderate",5096,48,"furniture/equipment","bad"
264,32,"male",1,"own","little",NA,1231,10,"car","good"
737,35,"male",1,"own","moderate","little",4380,18,"car","good"
271,37,"female",2,"rent","quite rich",NA,1402,12,"furniture/equipment","good"
256,35,"male",1,"own","little",NA,2684,24,"radio/TV","good"
340,24,"female",2,"free","little","moderate",5743,24,"education","good"
738,45,"male",3,"own","little",NA,6761,6,"car","good"
861,28,"male",2,"own","little",NA,2169,18,"business","bad"
268,45,"male",3,"own","little","little",8978,14,"car","bad"
482,57,"female",2,"rent","rich","little",3622,30,"furniture/equipment","good"
699,40,"male",3,"rent","little","rich",1905,15,"education","good"
575,24,"female",2,"own","little",NA,2788,15,"furniture/equipment","good"
385,25,"female",2,"own","little",NA,2238,18,"radio/TV","good"
970,22,"male",2,"own","moderate","moderate",1514,15,"repairs","good"
523,23,"female",2,"own","moderate",NA,3488,24,"car","good"
411,35,"male",3,"own","little",NA,7253,33,"car","good"
882,36,"male",2,"own",NA,"moderate",2181,30,"car","good"
605,22,"male",2,"own","quite rich","little",2828,24,"furniture/equipment","good"
907,27,"male",2,"own",NA,"moderate",3711,36,"education","good"
176,42,"male",2,"own","little","little",2577,12,"furniture/equipment","good"
984,30,"male",1,"own","little",NA,2028,24,"furniture/equipment","good"
329,28,"male",2,"own","little","moderate",1068,6,"radio/TV","good"
722,24,"female",1,"own","little","little",1228,12,"car","bad"
151,38,"male",2,"own","little",NA,1924,10,"radio/TV","good"
389,27,"female",2,"own","little",NA,1449,9,"business","good"
534,25,"male",2,"own",NA,NA,3105,24,"radio/TV","good"
654,35,"male",2,"own","little",NA,2346,24,"car","good"
744,30,"male",3,"own",NA,"little",14179,39,"furniture/equipment","good"
613,22,"female",2,"rent","little","little",3632,24,"car","good"
243,27,"female",2,"own","little",NA,1185,12,"business","good"
592,36,"female",1,"own","rich",NA,1572,21,"business","good"
892,38,"male",1,"own","little","little",2171,12,"car","good"
291,28,"male",3,"rent","little","moderate",9398,36,"car","bad"
185,31,"male",2,"own","little",NA,1360,15,"radio/TV","good"
784,60,"male",3,"own",NA,"moderate",6468,20,"car","good"
43,24,"male",2,"rent","moderate","little",6187,30,"car","good"
232,35,"male",2,"own","moderate",NA,2141,12,"radio/TV","good"
578,27,"male",2,"own","little","moderate",2820,36,"car","bad"
179,65,"male",2,"own","little","little",571,21,"car","good"
933,42,"male",2,"own","quite rich",NA,522,12,"radio/TV","good"
845,35,"male",2,"own",NA,"moderate",3976,21,"furniture/equipment","good"
849,57,"male",1,"own","little","little",709,12,"radio/TV","bad"
49,28,"female",2,"own","moderate",NA,2073,12,"radio/TV","good"
20,48,"male",2,"own","little",NA,2134,9,"car","good"
339,31,"male",1,"own","little","moderate",1521,10,"furniture/equipment","good"
656,41,"male",1,"own","little","moderate",888,12,"car","bad"
808,55,"male",3,"free","little","moderate",9283,42,"car","good"
163,70,"male",3,"free","little","moderate",7308,10,"car","good"
462,34,"female",3,"rent","little","moderate",3017,12,"furniture/equipment","good"
0,67,"male",2,"own",NA,"little",1169,6,"radio/TV","good"
983,26,"male",2,"own","little","little",8229,36,"car","bad"
184,36,"male",2,"own","little","moderate",884,18,"car","bad"
421,30,"male",2,"own",NA,"moderate",2028,12,"car","good"
360,61,"male",2,"free",NA,"moderate",1239,18,"education","good"
258,23,"female",2,"own","moderate",NA,3812,15,"car","good"
978,47,"male",1,"own","little",NA,2538,24,"car","bad"
887,23,"male",2,"own","little","moderate",15672,48,"business","bad"
947,38,"male",3,"own",NA,NA,2859,12,"car","good"
891,46,"male",2,"own","little",NA,1829,15,"radio/TV","good"
897,35,"female",2,"own","rich",NA,1592,12,"furniture/equipment","good"
512,26,"male",2,"rent","little","rich",2687,15,"business","good"
134,21,"female",2,"own","moderate",NA,10144,60,"radio/TV","good"
350,23,"female",2,"rent","little",NA,1236,9,"domestic appliances","good"
860,27,"male",2,"own","rich",NA,5804,24,"car","good"
262,36,"male",3,"free","little","little",5302,18,"car","good"
315,31,"male",2,"own","little","little",2746,36,"furniture/equipment","bad"
915,32,"female",3,"own","little","moderate",18424,48,"vacation/others","bad"
377,36,"male",2,"free",NA,NA,846,7,"radio/TV","good"
378,57,"male",3,"free","little","moderate",14318,36,"car","bad"
114,35,"male",2,"own","quite rich","little",1680,12,"radio/TV","good"
863,32,"male",1,"own","rich",NA,4526,27,"furniture/equipment","good"
251,46,"female",1,"own","little","rich",2251,12,"furniture/equipment","good"
245,25,"male",2,"own","little",NA,1258,24,"business","good"
538,42,"male",3,"free","little","little",7763,48,"car","bad"
584,52,"female",3,"free",NA,NA,2133,12,"car","good"
536,75,"female",3,"own",NA,"little",1374,6,"car","good"
60,27,"male",2,"own","little","moderate",1391,9,"business","good"
401,28,"male",2,"own",NA,"moderate",1887,18,"business","good"
297,45,"male",1,"own",NA,NA,1287,10,"car","good"
986,33,"male",2,"own","little","rich",6289,42,"business","good"
670,27,"male",1,"own","moderate",NA,4139,24,"business","good"
92,33,"female",1,"own",NA,NA,797,12,"radio/TV","bad"
686,27,"male",2,"own",NA,"rich",1347,10,"radio/TV","good"
522,53,"male",2,"free","little","little",7119,48,"furniture/equipment","bad"
614,22,"female",2,"own","little",NA,1808,18,"furniture/equipment","bad"
698,24,"male",2,"own","little",NA,1800,18,"radio/TV","good"
786,40,"male",2,"own","quite rich",NA,2675,22,"radio/TV","good"
862,35,"female",2,"own","little","little",2439,24,"radio/TV","bad"
702,47,"female",2,"free","moderate","rich",1377,24,"radio/TV","good"
487,62,"female",2,"free","little",NA,3757,24,"car","good"
974,33,"female",2,"own","little",NA,2831,30,"radio/TV","good"
344,37,"male",1,"own","little","rich",3949,10,"car","good"
272,36,"male",3,"free",NA,"moderate",12169,48,"car","good"
548,24,"female",1,"own","little","little",626,12,"radio/TV","bad"
493,38,"male",2,"own",NA,"moderate",368,6,"radio/TV","good"
871,46,"male",2,"own","little","rich",1343,6,"car","good"
847,28,"male",2,"own","little",NA,1249,24,"car","good"
97,34,"male",2,"own","moderate","moderate",2622,18,"business","good"
852,35,"male",2,"free","little",NA,1471,15,"radio/TV","good"
432,36,"male",3,"free","little","little",1872,6,"furniture/equipment","good"
881,48,"male",2,"free",NA,NA,9277,24,"car","good"
8,61,"male",1,"own","rich",NA,3059,12,"radio/TV","good"
111,23,"female",2,"rent","little","rich",392,15,"education","good"
189,33,"female",2,"own","little","moderate",3244,18,"furniture/equipment","good"
15,32,"female",1,"own","moderate","little",1282,24,"radio/TV","bad"
611,48,"female",1,"free","moderate","rich",1240,10,"car","bad"
924,55,"male",2,"own","little","little",6872,24,"furniture/equipment","bad"
347,23,"female",0,"rent","quite rich","moderate",3758,24,"radio/TV","good"
39,24,"male",2,"own","little","moderate",458,9,"radio/TV","good"
818,43,"male",3,"own","little","little",15857,36,"vacation/others","good"
108,30,"female",2,"own",NA,"little",7721,24,"furniture/equipment","good"
703,41,"male",2,"own","moderate","moderate",2503,30,"business","good"
803,35,"male",2,"own",NA,NA,976,12,"radio/TV","good"
447,35,"male",2,"own","little","moderate",2576,7,"radio/TV","good"
287,31,"male",3,"free","moderate","moderate",7582,48,"vacation/others","good"
207,26,"male",2,"own","little","moderate",1424,12,"domestic appliances","good"
295,26,"female",2,"own","little","moderate",9960,48,"furniture/equipment","bad"
732,44,"female",1,"own","little","moderate",760,8,"radio/TV","good"
685,34,"male",2,"free",NA,NA,6527,60,"car","good"
124,27,"female",2,"rent",NA,"moderate",1924,18,"furniture/equipment","bad"
549,35,"male",2,"free",NA,NA,8858,48,"car","good"
83,58,"female",1,"own","little","little",1755,24,"vacation/others","good"
460,37,"male",2,"own","little","little",3620,36,"furniture/equipment","good"
563,37,"male",2,"free",NA,"moderate",12389,36,"car","bad"
51,30,"male",3,"own","little","moderate",5965,27,"car","good"
427,46,"male",2,"own","rich",NA,1149,18,"radio/TV","good"
832,29,"male",2,"rent","little","little",11816,45,"business","bad"
717,32,"male",3,"free","little",NA,1505,18,"radio/TV","good"
400,39,"male",2,"own","little",NA,1473,18,"radio/TV","good"
4,53,"male",2,"free","little","little",4870,24,"car","bad"
917,68,"male",3,"own","little","little",14896,6,"car","bad"
305,33,"male",2,"own","rich",NA,1543,6,"furniture/equipment","good"
601,30,"female",2,"own","little","moderate",918,9,"furniture/equipment","bad"
